CustomerID,FirstName,LastName,Gender,DOB,Age,NIC,Mobile,Email,Province,City,Occupation,MonthlyIncome,JoinDate
C0001,Isuru,Gunawardena,Male,2002-05-14,24,021345901V,0755693736,isuru.gunawardena328@gmail.com,Southern,Hambantota,Nurse,101765,2021-10-08
C0002,Miyuru,Abeysekera,Male,1989-05-12,37,891327130V,0779346330,miyuru.abeysekera296@gmail.com,Eastern,Trincomalee,Manager,308025,2011-12-26
C0003,Nadeesha,Perera,Female,1984-02-12,42,840433827V,0724577525,nadeesha.perera399@gmail.com,Western,Colombo,Engineer,210411,2021-06-11
C0004,Supun,Gunawardena,Male,1961-11-27,64,613315739V,0769729878,supun.gunawardena372@gmail.com,Southern,Matara,Student,0,1983-01-01
C0005,Anjan,Gunawardena,Male,2000-09-16,25,002607879V,0707467158,anjan.gunawardena572@yahoo.com,Western,Gampaha,Accountant,124831,2019-10-13
C0006,Akil,Herath,Male,2004-12-19,21,043543483V,0744920349,akil.herath345@outlook.com,Western,Gampaha,Student,0,2026-05-29
C0007,Supun,Fernando,Male,2001-01-21,25,010212269V,0778522448,supun.fernando787@gmail.com,Eastern,Trincomalee,Engineer,282594,2019-07-13
C0008,Amal,Senanayake,Male,1988-01-28,38,880283696V,0709572076,amal.senanayake356@yahoo.com,North Western,Kurunegala,Marketing Executive,95098,2019-03-01
C0009,Miyuru,Madushan,Male,1968-02-23,58,680547688V,0702150599,miyuru.madushan337@gmail.com,Uva,Monaragala,Nurse,74619,1988-01-21
C0010,Seelawathi,Ekanayake,Female,1964-11-17,61,643222897V,0756482095,seelawathi.ekanayake506@gmail.com,Western,Colombo,Data Analyst,196121,2003-01-10
C0011,Supun,Gunawardena,Male,1982-07-04,44,821854977V,0757253825,supun.gunawardena276@outlook.com,Northern,Kilinochchi,Sales Executive,119600,2009-03-05
C0012,Yashoda,Weerasinghe,Female,1988-10-13,37,882876683V,0711484263,yashoda.weerasinghe925@yahoo.com,Eastern,Batticaloa,Engineer,255947,2026-06-26
C0013,Eshani,Rajapaksha,Female,1998-08-27,27,982398061V,0707726528,eshani.rajapaksha730@outlook.com,Eastern,Ampara,Sales Executive,64384,2017-07-17
C0014,Vihangi,Weerasinghe,Female,1965-07-06,61,651873282V,0746403179,vihangi.weerasinghe88@outlook.com,Eastern,Trincomalee,Nurse,129129,1992-01-14
C0015,Hiruni,Dissanayake,Female,1974-07-22,51,742032917V,0765557223,hiruni.dissanayake691@outlook.com,Western,Colombo,Data Analyst,166558,2000-07-17
C0016,Ishara,Gunawardena,Female,2002-12-21,23,023559889V,0774862119,ishara.gunawardena961@gmail.com,Southern,Galle,Manager,205924,2022-12-07
C0017,Chathura,Madushan,Male,1980-05-17,46,801385577V,0753184273,chathura.madushan953@gmail.com,Central,Matale,Business Owner,166650,2023-12-26
C0018,Chathura,Wijesinghe,Male,1972-02-08,54,720394137V,0776848724,chathura.wijesinghe319@outlook.com,North Central,Anuradhapura,Bank Officer,155823,2021-06-17
C0019,Piumandi,Bandara,Female,1985-04-19,41,851098157V,0764531515,piumandi.bandara421@gmail.com,Western,Gampaha,Business Owner,494019,2022-04-16
C0020,Miyuru,Karunaratne,Male,2000-05-20,26,001417470V,0758201483,miyuru.karunaratne101@outlook.com,Western,Gampaha,Teacher,86803,2025-04-18
C0021,Dinethma,Ranasinghe,Female,1976-10-19,49,762934886V,0757343582,dinethma.ranasinghe365@outlook.com,Southern,Matara,Business Owner,349480,1998-11-06
C0022,Aravinda,Rajapaksha,Male,1972-05-22,54,721434454V,0762370218,aravinda.rajapaksha633@yahoo.com,North Western,Puttalam,Bank Officer,151732,2025-09-12
C0023,Miyuru,Abeysekera,Male,1991-04-13,35,911036817V,0701331945,miyuru.abeysekera48@gmail.com,Western,Colombo,Accountant,195480,2016-07-01
C0024,Yugantha,Weerasinghe,Male,2000-11-22,25,003271253V,0774014573,yugantha.weerasinghe178@yahoo.com,Eastern,Trincomalee,Teacher,86968,2023-07-23
C0025,Dilani,Bandara,Female,1987-02-03,39,870347411V,0761091090,dilani.bandara950@outlook.com,Southern,Hambantota,Bank Officer,159103,2019-03-05
C0026,Kavindu,Herath,Male,1977-03-15,49,770749314V,0753647707,kavindu.herath369@outlook.com,Southern,Hambantota,Data Analyst,166821,2016-07-23
C0027,Praveen,Madushan,Male,1992-09-21,33,922652906V,0777265399,praveen.madushan513@outlook.com,North Western,Puttalam,Student,0,2018-10-16
C0028,Sanduni,Dissanayake,Female,2003-04-18,23,031086680V,0773441315,sanduni.dissanayake103@outlook.com,Southern,Galle,Government Officer,132170,2024-06-05
C0029,Shevon,Perera,Male,1998-01-13,28,980135518V,0772773504,shevon.perera684@gmail.com,Western,Gampaha,Government Officer,112852,2024-10-28
C0030,Yashoda,Pathirana,Female,2002-07-12,24,021934898V,0708651123,yashoda.pathirana777@gmail.com,Western,Gampaha,Student,0,2026-02-17
C0031,Ramudi,Abeysekera,Female,1980-05-19,46,801401103V,0741130146,ramudi.abeysekera533@outlook.com,Central,Kandy,Marketing Executive,71234,2014-02-10
C0032,Roshani,Madushan,Female,1989-11-21,36,893259079V,0701843559,roshani.madushan651@yahoo.com,Northern,Kilinochchi,Business Owner,300154,2019-12-29
C0033,Aravinda,Perera,Male,1988-08-12,37,882257672V,0717861725,aravinda.perera272@outlook.com,North Western,Kurunegala,Bank Officer,161419,2010-05-16
C0034,Kasun,Wijesinghe,Male,1999-06-03,27,991544167V,0729002340,kasun.wijesinghe830@gmail.com,Southern,Galle,Accountant,143556,2019-03-27
C0035,Supun,Bandara,Male,1999-12-26,26,993603000V,0715700751,supun.bandara562@outlook.com,Southern,Galle,Bank Officer,139471,2024-10-23
C0036,Eshani,Abeysekera,Female,1993-05-16,33,931368551V,0748177080,eshani.abeysekera529@outlook.com,North Central,Anuradhapura,Student,0,2015-07-04
C0037,Dinethma,Wijesinghe,Female,1991-05-18,35,911385284V,0747110827,dinethma.wijesinghe605@gmail.com,Western,Gampaha,Accountant,166948,2014-02-03
C0038,Praveen,Dissanayake,Male,2004-03-04,22,040649335V,0766308215,praveen.dissanayake579@gmail.com,North Western,Kurunegala,Data Analyst,208712,2022-10-12
C0039,Nadeesha,Wickramasinghe,Female,1967-04-16,59,671069440V,0774306596,nadeesha.wickramasinghe791@outlook.com,Eastern,Batticaloa,Teacher,128866,2022-10-18
C0040,Kasun,Herath,Male,1998-06-11,28,981624445V,0745972453,kasun.herath357@outlook.com,Western,Kalutara,Manager,284470,2020-05-06
C0041,Hashan,Gunawardena,Male,1979-10-25,46,792985071V,0742069576,hashan.gunawardena815@outlook.com,Central,Matale,Government Officer,80206,2005-05-05
C0042,Vihangi,Silva,Female,2004-09-20,21,042647860V,0775561742,vihangi.silva480@yahoo.com,Sabaragamuwa,Kegalle,Government Officer,84401,2022-12-17
C0043,Chathura,Herath,Male,2002-09-23,23,022668234V,0703324266,chathura.herath160@yahoo.com,North Western,Puttalam,Government Officer,95695,2024-10-24
C0044,Akil,Wickramasinghe,Male,1974-01-12,52,740128620V,0709604715,akil.wickramasinghe390@gmail.com,Southern,Hambantota,Doctor,342043,2026-06-05
C0045,Chathura,Wickramasinghe,Male,1961-05-15,65,611357968V,0789358026,chathura.wickramasinghe497@outlook.com,Western,Colombo,Accountant,165112,2009-06-17
C0046,Lakshan,Jayasinghe,Male,1970-02-23,56,700541448V,0781338918,lakshan.jayasinghe883@outlook.com,North Western,Puttalam,Engineer,272773,2001-07-13
C0047,Vihangi,Senanayake,Female,1997-06-07,29,971588679V,0743816124,vihangi.senanayake823@outlook.com,Northern,Vavuniya,Manager,395984,2017-01-07
C0048,Amal,Herath,Male,1977-09-24,48,772677246V,0718990633,amal.herath1@yahoo.com,Western,Gampaha,Student,0,2005-06-22
C0049,Diniru,Wijesinghe,Male,1991-05-25,35,911453600V,0721976090,diniru.wijesinghe801@outlook.com,Central,Nuwara Eliya,Business Owner,230887,2022-07-23
C0050,Supun,Karunaratne,Male,1990-03-13,36,900724386V,0779441143,supun.karunaratne981@outlook.com,Western,Kalutara,Government Officer,72450,2025-12-13
C0051,Akil,Rajapaksha,Male,1962-04-02,64,620926766V,0722374088,akil.rajapaksha286@outlook.com,Western,Gampaha,Marketing Executive,141455,1999-02-07
C0052,Kasun,Jayasinghe,Male,2005-03-03,21,050625291V,0709538739,kasun.jayasinghe723@gmail.com,Western,Colombo,Bank Officer,113711,2025-09-26
C0053,Imesha,Wijesinghe,Female,1992-07-27,33,922095379V,0758397663,imesha.wijesinghe956@outlook.com,Central,Matale,Bank Officer,98268,2012-02-25
C0054,Nadeesha,Weerasinghe,Female,1979-10-07,46,792806144V,0741646639,nadeesha.weerasinghe195@gmail.com,Western,Colombo,Marketing Executive,104341,2018-08-22
C0055,Ranuji,Wickramasinghe,Female,1988-11-20,37,883256352V,0777786601,ranuji.wickramasinghe981@outlook.com,Central,Nuwara Eliya,Government Officer,75643,2020-09-18
C0056,Roshani,Ranasinghe,Female,1982-02-26,44,820579483V,0728662889,roshani.ranasinghe344@yahoo.com,Western,Colombo,Teacher,79303,2014-08-20
C0057,Ishara,Fonseka,Female,1981-07-08,45,811897977V,0779916646,ishara.fonseka32@yahoo.com,Central,Matale,Nurse,84875,2017-07-19
C0058,Sachini,Fonseka,Female,1984-04-27,42,841187748V,0725008875,sachini.fonseka255@outlook.com,North Central,Polonnaruwa,Sales Executive,71429,2016-04-20
C0059,Ranuji,Herath,Female,1979-08-20,46,792326346V,0722895226,ranuji.herath516@yahoo.com,North Western,Puttalam,Nurse,102074,2011-09-29
C0060,Imesha,Wickramasinghe,Female,1962-07-14,63,621958983V,0789170870,imesha.wickramasinghe622@outlook.com,Central,Nuwara Eliya,Nurse,71694,1990-07-30
C0061,Ranuji,Karunaratne,Female,1993-07-10,33,931911302V,0703230105,ranuji.karunaratne612@outlook.com,Western,Gampaha,Doctor,403673,2014-05-08
C0062,Chathura,Madushan,Male,1968-01-11,58,680118169V,0718930661,chathura.madushan256@gmail.com,Western,Kalutara,Manager,350262,2003-01-09
C0063,Ishara,Wijesinghe,Female,2000-10-15,25,002895092V,0766014653,ishara.wijesinghe628@yahoo.com,Uva,Monaragala,Teacher,80341,2022-02-11
C0064,Seelawathi,Wijesinghe,Female,2001-12-15,24,013497796V,0711685797,seelawathi.wijesinghe883@outlook.com,North Western,Puttalam,Engineer,175168,2020-07-14
C0065,Lakshan,Perera,Male,1996-10-23,29,962977549V,0747677844,lakshan.perera13@yahoo.com,Central,Nuwara Eliya,Software Engineer,236043,2019-12-21
C0066,Hashan,Ranasinghe,Male,1963-12-18,62,633527557V,0747854753,hashan.ranasinghe711@yahoo.com,Western,Colombo,Business Owner,284167,2005-10-02
C0067,Miyuru,Karunaratne,Male,1988-06-10,38,881623962V,0753422357,miyuru.karunaratne238@outlook.com,Sabaragamuwa,Ratnapura,Marketing Executive,86661,2021-05-22
C0068,Kavindu,Weerasinghe,Male,1999-09-08,26,992519937V,0726923397,kavindu.weerasinghe83@gmail.com,North Western,Kurunegala,Bank Officer,108012,2023-05-27
C0069,Lakshan,Wickramasinghe,Male,1984-03-12,42,840727916V,0729268953,lakshan.wickramasinghe160@outlook.com,Central,Matale,Teacher,124227,2019-11-28
C0070,Diniru,Abeysekera,Male,1977-05-27,49,771472786V,0711357571,diniru.abeysekera803@gmail.com,North Western,Kurunegala,Business Owner,336896,2010-06-25
C0071,Lakshan,Madushan,Male,2000-07-09,26,001911066V,0775017791,lakshan.madushan785@outlook.com,Southern,Hambantota,Bank Officer,110109,2025-08-19
C0072,Roshani,Fonseka,Female,1962-12-25,63,623597922V,0753472230,roshani.fonseka711@gmail.com,Uva,Badulla,Manager,332278,2019-11-13
C0073,Pasindu,Ranasinghe,Male,1999-11-07,26,993116861V,0782497527,pasindu.ranasinghe781@yahoo.com,North Western,Kurunegala,Software Engineer,216719,2020-05-18
C0074,Vihangi,Weerasinghe,Female,1996-03-18,30,960782994V,0786326684,vihangi.weerasinghe725@yahoo.com,Western,Colombo,Sales Executive,89393,2023-02-12
C0075,Pasindu,Dissanayake,Male,1971-10-04,54,712771633V,0783737436,pasindu.dissanayake471@gmail.com,Eastern,Ampara,Business Owner,278448,2018-10-05
C0076,Dinethma,Weerasinghe,Female,1976-09-09,49,762539180V,0713687454,dinethma.weerasinghe965@outlook.com,Northern,Jaffna,Business Owner,176293,2022-05-08
C0077,Yugantha,Silva,Male,1967-04-14,59,671045248V,0761277357,yugantha.silva109@gmail.com,Uva,Badulla,Manager,308458,2005-06-27
C0078,Ranuji,Pathirana,Female,1966-02-27,60,660587606V,0782119248,ranuji.pathirana533@outlook.com,Eastern,Ampara,Doctor,298661,2003-10-15
C0079,Hashan,Fernando,Male,1974-11-15,51,743191984V,0713250726,hashan.fernando92@yahoo.com,North Western,Puttalam,Engineer,287059,1996-01-10
C0080,Nadeesha,Bandara,Female,1968-06-11,58,681638031V,0703510300,nadeesha.bandara431@yahoo.com,North Central,Anuradhapura,Marketing Executive,124803,2004-01-03
C0081,Lakshan,Wijesinghe,Male,1979-09-06,46,792498706V,0778446033,lakshan.wijesinghe726@yahoo.com,Western,Colombo,Data Analyst,243719,2005-05-07
C0082,Eshani,Senanayake,Female,1992-11-10,33,923153360V,0765937018,eshani.senanayake271@gmail.com,Western,Colombo,Government Officer,82817,2023-12-29
C0083,Hiruni,Ekanayake,Female,2004-09-27,21,042716436V,0727656440,hiruni.ekanayake207@yahoo.com,Western,Kalutara,Data Analyst,162637,2025-12-21
C0084,Piumandi,Ekanayake,Female,1988-08-17,37,882306661V,0766641084,piumandi.ekanayake371@gmail.com,Western,Kalutara,Engineer,286565,2009-11-26
C0085,Isuru,Ekanayake,Male,1990-12-18,35,903524151V,0715074501,isuru.ekanayake681@gmail.com,Sabaragamuwa,Kegalle,Business Owner,484380,2013-07-14
C0086,Shevon,Perera,Male,1990-05-07,36,901278166V,0707090681,shevon.perera936@yahoo.com,Central,Kandy,Bank Officer,170026,2015-07-02
C0087,Pasindu,Wijesinghe,Male,1984-03-26,42,840863541V,0724809032,pasindu.wijesinghe987@yahoo.com,Northern,Vavuniya,Engineer,155826,2009-06-16
C0088,Kasun,Bandara,Male,1983-05-17,43,831379591V,0745746260,kasun.bandara462@yahoo.com,Central,Matale,Business Owner,239338,2004-03-17
C0089,Pasindu,Gunawardena,Male,1970-12-10,55,703442584V,0749301179,pasindu.gunawardena941@outlook.com,Western,Kalutara,Bank Officer,163480,2014-10-08
C0090,Imesha,Dissanayake,Female,1986-04-04,40,860943606V,0783140565,imesha.dissanayake571@outlook.com,Western,Kalutara,Engineer,171852,2006-08-21
C0091,Praveen,Wijesinghe,Male,2005-06-26,21,051772833V,0761791106,praveen.wijesinghe23@gmail.com,Central,Nuwara Eliya,Sales Executive,100140,2024-09-05
C0092,Anjan,Wijesinghe,Male,1977-08-27,48,772396725V,0705930194,anjan.wijesinghe700@yahoo.com,Central,Matale,Nurse,105098,2020-10-25
C0093,Seelawathi,Bandara,Female,1992-06-15,34,921678294V,0741992386,seelawathi.bandara765@yahoo.com,North Western,Kurunegala,Bank Officer,147946,2023-09-12
C0094,Ramudi,Pathirana,Female,2005-04-13,21,051036547V,0778220947,ramudi.pathirana615@gmail.com,Western,Gampaha,Bank Officer,170919,2026-01-31
C0095,Roshani,Abeysekera,Female,1967-09-06,58,672491202V,0786305164,roshani.abeysekera623@gmail.com,North Central,Polonnaruwa,Teacher,69701,1991-09-24
C0096,Seelawathi,Madushan,Female,1987-08-07,38,872192437V,0713892739,seelawathi.madushan265@outlook.com,Northern,Kilinochchi,Teacher,117059,2013-08-30
C0097,Akil,Wijesinghe,Male,1997-10-17,28,972902824V,0766594812,akil.wijesinghe818@outlook.com,North Central,Polonnaruwa,Teacher,69929,2017-06-01
C0098,Chathura,Herath,Male,2000-03-01,26,000617290V,0765287422,chathura.herath892@gmail.com,Western,Gampaha,Accountant,207644,2023-07-23
C0099,Ramudi,Madushan,Female,1981-01-22,45,810225027V,0741429061,ramudi.madushan995@gmail.com,Sabaragamuwa,Ratnapura,Marketing Executive,80043,2003-02-23
C0100,Sanduni,Fernando,Female,1991-10-09,34,912825370V,0787794320,sanduni.fernando21@gmail.com,North Central,Polonnaruwa,Bank Officer,138566,2021-11-05
C0101,Anjan,Jayasinghe,Male,1963-09-16,62,632599500V,0784129398,anjan.jayasinghe603@gmail.com,Uva,Badulla,Government Officer,148464,2000-10-03
C0102,Nimal,Wijesinghe,Male,1994-04-24,32,941147436V,0774708036,nimal.wijesinghe722@yahoo.com,Western,Kalutara,Lawyer,188438,2021-10-14
C0103,Yashoda,Karunaratne,Female,2001-01-19,25,010193142V,0709565570,yashoda.karunaratne783@outlook.com,North Western,Kurunegala,Bank Officer,169590,2022-05-18
C0104,Hiruni,Ranasinghe,Female,1973-01-18,53,730182360V,0717964349,hiruni.ranasinghe44@outlook.com,Uva,Badulla,Bank Officer,158304,2022-07-29
C0105,Aravinda,Jayasinghe,Male,1996-06-27,30,961796277V,0776240142,aravinda.jayasinghe874@outlook.com,Western,Kalutara,Sales Executive,75062,2021-07-02
C0106,Kavindu,Fernando,Male,1996-11-25,29,963307160V,0716361243,kavindu.fernando485@gmail.com,Western,Gampaha,Accountant,175798,2015-06-10
C0107,Praveen,Silva,Male,1964-02-10,62,640417040V,0773789123,praveen.silva423@yahoo.com,Northern,Jaffna,Lawyer,310298,2014-06-02
C0108,Chamara,Fonseka,Male,1992-06-04,34,921568985V,0705976468,chamara.fonseka689@yahoo.com,Western,Kalutara,Accountant,108061,2018-01-18
C0109,Anjan,Wijesinghe,Male,1978-07-19,47,782009168V,0746154089,anjan.wijesinghe725@gmail.com,Eastern,Trincomalee,Teacher,119987,2015-05-29
C0110,Nimal,Senanayake,Male,1998-06-13,28,981641767V,0773682333,nimal.senanayake844@gmail.com,Southern,Matara,Nurse,114540,2025-09-12
C0111,Kavindu,Jayasinghe,Male,1993-03-03,33,930624420V,0722052555,kavindu.jayasinghe558@yahoo.com,Sabaragamuwa,Kegalle,Doctor,384038,2024-11-18
C0112,Ishara,Wijesinghe,Female,2005-02-08,21,050399836V,0761854854,ishara.wijesinghe386@gmail.com,Southern,Galle,Sales Executive,80695,2025-06-29
C0113,Shevon,Perera,Male,1997-09-07,28,972504058V,0774567174,shevon.perera574@yahoo.com,Central,Kandy,Accountant,112714,2022-04-17
C0114,Hashan,Gunawardena,Male,1997-01-12,29,970124295V,0705376319,hashan.gunawardena552@gmail.com,Eastern,Trincomalee,Marketing Executive,140678,2020-10-21
C0115,Yugantha,Karunaratne,Male,1976-09-22,49,762668272V,0713158350,yugantha.karunaratne293@yahoo.com,Western,Kalutara,Government Officer,93220,2016-12-01
C0116,Nimal,Senanayake,Male,1990-11-13,35,903179433V,0703669101,nimal.senanayake895@gmail.com,North Western,Kurunegala,Manager,252737,2015-12-03
C0117,Chathura,Fonseka,Male,1961-07-13,65,611948719V,0719183301,chathura.fonseka121@gmail.com,Southern,Galle,Bank Officer,128044,1981-04-21
C0118,Anjan,Madushan,Male,1989-10-12,36,892854490V,0761651264,anjan.madushan748@yahoo.com,Southern,Galle,Nurse,102809,2010-02-07
C0119,Lakshan,Jayasinghe,Male,1962-08-13,63,622252994V,0758423561,lakshan.jayasinghe885@outlook.com,Western,Kalutara,Data Analyst,159697,2011-04-27
C0120,Yugantha,Perera,Male,2008-11-20,17,083258942V,0741447619,yugantha.perera552@outlook.com,Western,Gampaha,Student,0,2026-07-13
C0121,Supun,Jayasinghe,Male,2006-04-17,20,061076252V,0768396166,supun.jayasinghe471@yahoo.com,Central,Matale,Data Analyst,169717,2025-01-10
C0122,Sanduni,Senanayake,Female,2001-12-01,24,013356208V,0742137342,sanduni.senanayake208@outlook.com,North Western,Kurunegala,Manager,218347,2020-08-12
C0123,Roshani,Perera,Female,1988-02-10,38,880419366V,0711659279,roshani.perera303@outlook.com,Southern,Galle,Bank Officer,115787,2011-10-27
C0124,Isuru,Weerasinghe,Male,1993-02-04,33,930358504V,0772396020,isuru.weerasinghe889@yahoo.com,Western,Kalutara,Accountant,202475,2026-03-21
C0125,Ranuji,Herath,Female,1992-10-15,33,922891430V,0759498764,ranuji.herath56@yahoo.com,Sabaragamuwa,Kegalle,Government Officer,94008,2019-05-23
C0126,Praveen,Wijesinghe,Male,2000-08-07,25,002206138V,0754727716,praveen.wijesinghe606@outlook.com,Western,Gampaha,Lawyer,212794,2019-11-27
C0127,Diniru,Ekanayake,Male,1975-06-14,51,751655346V,0778612224,diniru.ekanayake875@gmail.com,Central,Kandy,Nurse,121307,2014-03-15
C0128,Kasun,Jayasinghe,Male,1961-05-13,65,611338340V,0703336088,kasun.jayasinghe616@outlook.com,Eastern,Ampara,Lawyer,327178,2021-01-18
C0129,Yugantha,Ekanayake,Male,1989-12-28,36,893625215V,0729904340,yugantha.ekanayake349@yahoo.com,Western,Kalutara,Government Officer,144962,2022-10-13
C0130,Sanduni,Silva,Female,1984-12-01,41,843361194V,0721512478,sanduni.silva162@yahoo.com,Sabaragamuwa,Ratnapura,Data Analyst,262423,2016-11-07
C0131,Karlina,Wickramasinghe,Female,2001-03-21,25,010802414V,0745988599,karlina.wickramasinghe746@yahoo.com,Central,Matale,Manager,191991,2024-10-19
C0132,Chamara,Senanayake,Male,1962-03-19,64,620785194V,0778851485,chamara.senanayake66@yahoo.com,Sabaragamuwa,Ratnapura,Manager,209861,1981-02-20
C0133,Nadeesha,Senanayake,Female,1971-07-27,54,712089320V,0785833860,nadeesha.senanayake254@yahoo.com,Sabaragamuwa,Ratnapura,Student,0,2023-02-11
C0134,Yashoda,Silva,Female,1993-01-20,33,930209655V,0716985320,yashoda.silva25@outlook.com,Western,Kalutara,Manager,343324,2020-03-07
C0135,Praveen,Fernando,Male,2003-09-14,22,032574900V,0747325427,praveen.fernando138@outlook.com,Western,Kalutara,Software Engineer,255387,2022-09-22
C0136,Eshani,Wijesinghe,Female,1993-06-10,33,931613151V,0771077848,eshani.wijesinghe808@yahoo.com,Eastern,Trincomalee,Accountant,186557,2024-11-21
C0137,Pasindu,Gunawardena,Male,1965-01-26,61,650266576V,0751274100,pasindu.gunawardena762@outlook.com,Western,Kalutara,Teacher,121642,2009-07-02
C0138,Pasindu,Silva,Male,1994-11-04,31,943082942V,0757294636,pasindu.silva678@yahoo.com,Western,Colombo,Teacher,122766,2016-10-08
C0139,Chamara,Madushan,Male,1962-11-19,63,623239880V,0785218623,chamara.madushan449@yahoo.com,Western,Kalutara,Government Officer,93799,2022-04-30
C0140,Imesha,Dissanayake,Female,1996-02-13,30,960447740V,0789966727,imesha.dissanayake708@outlook.com,Central,Nuwara Eliya,Accountant,200931,2015-07-11
C0141,Seelawathi,Pathirana,Female,2003-03-22,23,030817348V,0706162789,seelawathi.pathirana523@yahoo.com,Northern,Vavuniya,Bank Officer,113677,2024-06-11
C0142,Piumandi,Pathirana,Female,2005-04-25,21,051156880V,0767939764,piumandi.pathirana839@outlook.com,Sabaragamuwa,Ratnapura,Data Analyst,230808,2026-04-28
C0143,Akil,Wijesinghe,Male,2008-07-14,17,081962103V,0786434324,akil.wijesinghe810@outlook.com,Southern,Galle,Nurse,107724,2026-07-13
C0144,Praveen,Ranasinghe,Male,1996-10-05,29,962792315V,0757901808,praveen.ranasinghe885@gmail.com,Western,Colombo,Government Officer,86513,2015-11-07
C0145,Aravinda,Herath,Male,1991-06-03,35,911543869V,0776553081,aravinda.herath556@gmail.com,Western,Gampaha,Marketing Executive,83843,2020-08-01
C0146,Piumandi,Fernando,Female,2001-04-16,25,011065135V,0741507557,piumandi.fernando763@yahoo.com,Central,Kandy,Bank Officer,144359,2020-03-29
C0147,Tharindu,Wickramasinghe,Male,1990-08-09,35,902218110V,0772052715,tharindu.wickramasinghe577@gmail.com,Western,Gampaha,Engineer,236417,2023-06-30
C0148,Kavindu,Herath,Male,1971-07-22,54,712038923V,0751707948,kavindu.herath206@gmail.com,Western,Gampaha,Bank Officer,168981,2008-12-23
C0149,Supun,Herath,Male,1987-02-07,39,870382881V,0772502943,supun.herath609@outlook.com,North Western,Puttalam,Bank Officer,155624,2018-04-25
C0150,Diniru,Senanayake,Male,1968-08-09,57,682225557V,0757700896,diniru.senanayake974@gmail.com,North Central,Polonnaruwa,Nurse,75188,2019-08-29
C0151,Anjan,Fonseka,Male,1965-09-24,60,652675349V,0709290539,anjan.fonseka883@outlook.com,Southern,Matara,Accountant,121408,1993-02-03
C0152,Nadeesha,Fernando,Female,1977-07-05,49,771868550V,0786689465,nadeesha.fernando409@gmail.com,Eastern,Ampara,Business Owner,488773,2001-10-07
C0153,Sanduni,Herath,Female,1994-03-04,32,940638485V,0722345885,sanduni.herath715@outlook.com,Western,Colombo,Manager,291650,2017-10-10
C0154,Lakshan,Dissanayake,Male,1976-02-10,50,760415429V,0706164810,lakshan.dissanayake658@yahoo.com,North Central,Polonnaruwa,Teacher,85925,1996-09-05
C0155,Taniya,Ekanayake,Female,1982-01-09,44,820096108V,0781253190,taniya.ekanayake166@outlook.com,Western,Kalutara,Business Owner,577184,2025-05-02
C0156,Aravinda,Fernando,Male,1998-07-25,27,982069279V,0771718330,aravinda.fernando664@yahoo.com,Western,Kalutara,Doctor,441753,2020-08-18
C0157,Tharushi,Wijesinghe,Female,1994-07-21,31,942028353V,0786063252,tharushi.wijesinghe882@yahoo.com,Western,Colombo,Accountant,169568,2025-02-17
C0158,Miyuru,Herath,Male,1995-07-22,30,952031735V,0712306432,miyuru.herath501@gmail.com,Southern,Matara,Teacher,118408,2018-01-03
C0159,Diniru,Gunawardena,Male,2003-04-16,23,031064756V,0742702837,diniru.gunawardena959@gmail.com,North Central,Anuradhapura,Engineer,233517,2022-10-21
C0160,Kavindu,Karunaratne,Male,2002-01-05,24,020052033V,0701323749,kavindu.karunaratne541@yahoo.com,North Western,Puttalam,Marketing Executive,78435,2020-05-30
C0161,Karunawathi,Herath,Female,1996-02-18,30,960497408V,0709662684,karunawathi.herath28@outlook.com,Sabaragamuwa,Kegalle,Manager,206782,2015-02-21
C0162,Hashan,Karunaratne,Male,1995-06-26,31,951776599V,0788824436,hashan.karunaratne519@gmail.com,Western,Colombo,Lawyer,432713,2023-12-03
C0163,Isuru,Dissanayake,Male,2005-12-12,20,053467194V,0787160867,isuru.dissanayake675@yahoo.com,Sabaragamuwa,Ratnapura,Manager,327470,2025-06-22
C0164,Shevon,Senanayake,Male,1971-04-26,55,711167481V,0713787356,shevon.senanayake564@gmail.com,North Western,Kurunegala,Bank Officer,92543,2001-04-19
C0165,Taniya,Ekanayake,Female,1963-08-11,62,632237331V,0785458348,taniya.ekanayake181@gmail.com,Western,Gampaha,Sales Executive,96435,2003-07-07
C0166,Karlina,Bandara,Female,1981-05-23,45,811431072V,0706078537,karlina.bandara612@yahoo.com,Western,Colombo,Teacher,129286,2018-04-16
C0167,Aravinda,Karunaratne,Male,1999-06-26,27,991776996V,0718260149,aravinda.karunaratne399@gmail.com,Western,Colombo,Sales Executive,75308,2021-07-16
C0168,Taniya,Senanayake,Female,1988-06-14,38,881667348V,0783888387,taniya.senanayake644@gmail.com,North Western,Kurunegala,Manager,263088,2025-04-06
C0169,Isuru,Madushan,Male,1964-07-06,62,641886009V,0712366785,isuru.madushan61@yahoo.com,Eastern,Trincomalee,Marketing Executive,125666,2010-09-20
C0170,Chathura,Ranasinghe,Male,1975-12-19,50,753533936V,0717412634,chathura.ranasinghe552@outlook.com,Southern,Galle,Student,0,2008-11-30
C0171,Sanduni,Fonseka,Female,1992-10-02,33,922761437V,0769087394,sanduni.fonseka578@yahoo.com,Sabaragamuwa,Ratnapura,Manager,281351,2012-02-26
C0172,Ramudi,Madushan,Female,1998-03-01,28,980604921V,0745424657,ramudi.madushan250@gmail.com,Southern,Galle,Accountant,161241,2018-11-12
C0173,Praveen,Senanayake,Male,1986-06-20,40,861718012V,0728916792,praveen.senanayake968@gmail.com,Western,Kalutara,Engineer,207219,2007-09-11
C0174,Miyuru,Gunawardena,Male,2006-03-18,20,060771018V,0765227142,miyuru.gunawardena61@outlook.com,North Central,Polonnaruwa,Manager,347592,2026-05-01
C0175,Piumandi,Karunaratne,Female,1989-08-20,36,892327701V,0752191384,piumandi.karunaratne128@gmail.com,Western,Gampaha,Government Officer,113193,2014-08-03
C0176,Sanduni,Gunawardena,Female,1962-04-22,64,621123436V,0771411291,sanduni.gunawardena204@yahoo.com,Western,Kalutara,Government Officer,138635,2023-01-04
C0177,Karlina,Karunaratne,Female,1966-08-16,59,662283061V,0771602494,karlina.karunaratne784@outlook.com,Western,Gampaha,Sales Executive,84186,2010-02-16
C0178,Diniru,Fonseka,Male,2002-07-01,24,021826937V,0774233238,diniru.fonseka208@outlook.com,North Western,Kurunegala,Bank Officer,91870,2026-04-30
C0179,Akil,Dissanayake,Male,1971-12-19,54,713531096V,0765607575,akil.dissanayake245@outlook.com,Western,Gampaha,Data Analyst,208441,2018-08-22
C0180,Kasun,Herath,Male,1998-02-16,28,980471674V,0756044192,kasun.herath528@outlook.com,North Central,Anuradhapura,Marketing Executive,144441,2016-06-04
C0181,Supun,Pathirana,Male,1965-01-17,61,650178047V,0742918807,supun.pathirana378@gmail.com,Uva,Badulla,Teacher,91487,1988-02-28
C0182,Taniya,Ekanayake,Female,1992-08-10,33,922236245V,0777973336,taniya.ekanayake676@yahoo.com,Western,Kalutara,Business Owner,462849,2020-08-31
C0183,Yugantha,Karunaratne,Male,2007-10-19,18,072927902V,0714448901,yugantha.karunaratne214@gmail.com,Eastern,Trincomalee,Business Owner,469489,2026-06-28
C0184,Karlina,Gunawardena,Female,1976-01-21,50,760214400V,0726440798,karlina.gunawardena150@yahoo.com,Southern,Galle,Bank Officer,127680,2006-10-29
C0185,Isuru,Rajapaksha,Male,2005-07-15,20,051967152V,0783124551,isuru.rajapaksha68@outlook.com,Western,Gampaha,Government Officer,100147,2024-07-13
C0186,Aravinda,Wijesinghe,Male,1988-11-20,37,883258823V,0747367348,aravinda.wijesinghe373@gmail.com,North Western,Kurunegala,Government Officer,117611,2017-08-20
C0187,Kasun,Abeysekera,Male,1996-11-22,29,963272366V,0763410020,kasun.abeysekera251@gmail.com,Western,Kalutara,Business Owner,175307,2025-11-28
C0188,Ranuji,Perera,Female,1970-02-10,56,700414101V,0706637248,ranuji.perera938@gmail.com,North Central,Polonnaruwa,Accountant,206721,2001-08-17
C0189,Aravinda,Pathirana,Male,1989-02-22,37,890536120V,0769386154,aravinda.pathirana240@gmail.com,Western,Gampaha,Doctor,400310,2022-07-17
C0190,Nimal,Abeysekera,Male,1984-01-01,42,840014980V,0776283411,nimal.abeysekera598@gmail.com,Uva,Monaragala,Bank Officer,179308,2009-03-20
C0191,Yashoda,Wijesinghe,Female,1978-08-04,47,782169542V,0716507522,yashoda.wijesinghe938@gmail.com,Western,Colombo,Government Officer,117673,2013-01-12
C0192,Lakshan,Perera,Male,1997-11-27,28,973318202V,0772790744,lakshan.perera104@outlook.com,Sabaragamuwa,Kegalle,Accountant,142618,2026-01-03
C0193,Ramudi,Fernando,Female,1978-01-07,48,780079341V,0783296269,ramudi.fernando939@gmail.com,Southern,Hambantota,Government Officer,94200,2008-12-30
C0194,Nadeesha,Perera,Female,1998-09-04,27,982478706V,0722752562,nadeesha.perera824@outlook.com,Western,Colombo,Teacher,92450,2018-04-17
C0195,Ramudi,Gunawardena,Female,1972-01-04,54,720047315V,0763857623,ramudi.gunawardena269@yahoo.com,Uva,Monaragala,Manager,276312,1992-03-11
C0196,Seelawathi,Madushan,Female,2003-12-28,22,033621183V,0725275558,seelawathi.madushan418@outlook.com,Northern,Vavuniya,Nurse,128570,2025-09-25
C0197,Yugantha,Wijesinghe,Male,1987-10-24,38,872978896V,0723194836,yugantha.wijesinghe176@gmail.com,Southern,Matara,Manager,362826,2024-02-18
C0198,Praveen,Ekanayake,Male,1989-10-26,36,892995353V,0749948668,praveen.ekanayake956@outlook.com,Sabaragamuwa,Kegalle,Bank Officer,111822,2018-07-01
C0199,Dilani,Fernando,Female,1999-04-03,27,990931335V,0746284751,dilani.fernando740@outlook.com,Eastern,Ampara,Teacher,89988,2022-08-24
C0200,Diniru,Perera,Male,1991-12-03,34,913377250V,0701345719,diniru.perera630@yahoo.com,Western,Colombo,Data Analyst,247964,2018-12-25
C0201,Vihangi,Ekanayake,Female,1979-10-17,46,792908319V,0705932063,vihangi.ekanayake43@yahoo.com,Northern,Jaffna,Bank Officer,94407,2001-08-29
C0202,Anjan,Karunaratne,Male,1979-02-20,47,790512871V,0716374652,anjan.karunaratne506@yahoo.com,North Western,Kurunegala,Sales Executive,99705,2024-09-18
C0203,Supun,Weerasinghe,Male,1992-05-01,34,921225747V,0763993865,supun.weerasinghe533@outlook.com,North Central,Anuradhapura,Bank Officer,128618,2014-11-20
C0204,Taniya,Wijesinghe,Female,1995-12-10,30,953441409V,0749513553,taniya.wijesinghe136@outlook.com,Western,Colombo,Accountant,137966,2019-08-23
C0205,Roshani,Wijesinghe,Female,1968-05-09,58,681306375V,0764807288,roshani.wijesinghe819@yahoo.com,Eastern,Trincomalee,Teacher,70560,1998-08-22
C0206,Tharindu,Silva,Male,2000-06-06,26,001583812V,0717141648,tharindu.silva82@outlook.com,Sabaragamuwa,Kegalle,Student,0,2022-10-01
C0207,Akil,Karunaratne,Male,1992-03-28,34,920884950V,0785838131,akil.karunaratne105@gmail.com,Western,Gampaha,Engineer,269548,2018-08-26
C0208,Dinethma,Fonseka,Female,1964-04-27,62,641185913V,0765934735,dinethma.fonseka58@outlook.com,Eastern,Trincomalee,Lawyer,430972,2013-11-10
C0209,Pasindu,Wickramasinghe,Male,1992-11-22,33,923277106V,0762039993,pasindu.wickramasinghe912@gmail.com,Western,Gampaha,Bank Officer,170483,2025-11-05
C0210,Nadeesha,Ranasinghe,Female,1988-10-07,37,882811441V,0716274529,nadeesha.ranasinghe206@yahoo.com,Eastern,Batticaloa,Teacher,119627,2017-11-02
C0211,Piumandi,Herath,Female,1998-12-02,27,983364251V,0759370838,piumandi.herath533@gmail.com,Western,Colombo,Bank Officer,125081,2019-03-16
C0212,Nadeesha,Abeysekera,Female,1988-02-16,38,880476457V,0729694107,nadeesha.abeysekera927@outlook.com,North Western,Kurunegala,Sales Executive,63107,2021-12-14
C0213,Imesha,Madushan,Female,1973-11-13,52,733177389V,0719386814,imesha.madushan974@outlook.com,Southern,Hambantota,Manager,341165,1999-06-30
C0214,Anjan,Silva,Male,2000-06-01,26,001535944V,0787976134,anjan.silva357@gmail.com,Western,Gampaha,Nurse,128472,2020-03-03
C0215,Eshani,Wickramasinghe,Female,1991-04-03,35,910935099V,0774773017,eshani.wickramasinghe524@outlook.com,Sabaragamuwa,Ratnapura,Manager,230323,2011-12-02
C0216,Kasun,Wickramasinghe,Male,2000-02-19,26,000502726V,0727240589,kasun.wickramasinghe90@gmail.com,Uva,Badulla,Government Officer,111315,2023-08-31
C0217,Seelawathi,Fonseka,Female,1984-05-21,42,841428409V,0784975970,seelawathi.fonseka616@gmail.com,Northern,Vavuniya,Sales Executive,62549,2020-08-04
C0218,Eshani,Rajapaksha,Female,1990-07-01,36,901826581V,0708975986,eshani.rajapaksha677@yahoo.com,Northern,Kilinochchi,Data Analyst,226653,2026-05-14
C0219,Chathura,Herath,Male,1994-06-18,32,941698122V,0717983504,chathura.herath692@outlook.com,Western,Gampaha,Software Engineer,319469,2015-05-03
C0220,Supun,Ekanayake,Male,1974-04-24,52,741146029V,0729514571,supun.ekanayake297@gmail.com,Western,Gampaha,Accountant,93438,1996-04-08
C0221,Seelawathi,Ekanayake,Female,2003-09-15,22,032582544V,0762139081,seelawathi.ekanayake122@gmail.com,North Western,Kurunegala,Business Owner,365060,2023-04-10
C0222,Karunawathi,Jayasinghe,Female,2003-08-11,22,032235747V,0746588667,karunawathi.jayasinghe148@gmail.com,Central,Kandy,Sales Executive,78261,2023-09-16
C0223,Amal,Ranasinghe,Male,1966-11-19,59,663236004V,0772859170,amal.ranasinghe152@gmail.com,North Central,Polonnaruwa,Sales Executive,113283,2006-09-01
C0224,Nadeesha,Silva,Female,1991-12-15,34,913495457V,0761163072,nadeesha.silva760@outlook.com,Southern,Hambantota,Sales Executive,97776,2024-07-01
C0225,Vihangi,Fernando,Female,1999-02-16,27,990478111V,0712583373,vihangi.fernando481@gmail.com,Western,Colombo,Marketing Executive,104835,2017-09-07
C0226,Tharindu,Senanayake,Male,1963-08-14,62,632266692V,0748418390,tharindu.senanayake845@yahoo.com,Western,Kalutara,Government Officer,133267,2007-12-14
C0227,Diniru,Ranasinghe,Male,1962-02-09,64,620402055V,0703076097,diniru.ranasinghe401@yahoo.com,Western,Gampaha,Data Analyst,212600,2015-05-26
C0228,Seelawathi,Fonseka,Female,1986-04-08,40,860981951V,0787507293,seelawathi.fonseka992@outlook.com,Eastern,Trincomalee,Sales Executive,104331,2011-01-26
C0229,Tharindu,Pathirana,Male,1994-04-24,32,941147303V,0702332689,tharindu.pathirana176@gmail.com,Central,Matale,Government Officer,76485,2022-12-27
C0230,Vihangi,Silva,Female,1964-04-17,62,641083415V,0726132328,vihangi.silva690@outlook.com,Northern,Vavuniya,Manager,313934,1985-07-17
C0231,Akil,Pathirana,Male,1970-06-20,56,701712194V,0776520759,akil.pathirana815@outlook.com,Central,Nuwara Eliya,Government Officer,140173,1988-09-30
C0232,Nadeesha,Karunaratne,Female,1967-10-26,58,672994807V,0722795112,nadeesha.karunaratne577@outlook.com,Western,Gampaha,Software Engineer,285778,2024-12-17
C0233,Ramudi,Pathirana,Female,2005-02-22,21,050531708V,0712665806,ramudi.pathirana848@gmail.com,Central,Nuwara Eliya,Sales Executive,104976,2024-09-09
C0234,Dinethma,Madushan,Female,1999-09-06,26,992497721V,0708930100,dinethma.madushan962@outlook.com,Northern,Vavuniya,Business Owner,319575,2020-10-18
C0235,Praveen,Dissanayake,Male,1961-11-08,64,613123713V,0729923598,praveen.dissanayake893@yahoo.com,Western,Gampaha,Bank Officer,146831,2022-01-15
C0236,Hashan,Pathirana,Male,1971-12-14,54,713484378V,0718985434,hashan.pathirana746@yahoo.com,Eastern,Batticaloa,Teacher,96509,1990-04-21
C0237,Anjan,Fonseka,Male,1972-03-12,54,720729004V,0764123255,anjan.fonseka326@yahoo.com,Western,Kalutara,Bank Officer,118985,2002-06-26
C0238,Amal,Wijesinghe,Male,1964-07-16,61,641988046V,0724796775,amal.wijesinghe742@yahoo.com,Uva,Badulla,Student,0,2010-01-23
C0239,Nadeesha,Wickramasinghe,Female,1989-04-19,37,891091783V,0768479494,nadeesha.wickramasinghe450@gmail.com,Western,Gampaha,Marketing Executive,83691,2008-06-09
C0240,Yashoda,Madushan,Female,2001-06-24,25,011755729V,0703454436,yashoda.madushan860@gmail.com,Western,Colombo,Nurse,125368,2021-09-11
C0241,Diniru,Karunaratne,Male,1991-10-01,34,912748657V,0708122376,diniru.karunaratne390@outlook.com,Central,Kandy,Sales Executive,77810,2020-07-09
C0242,Karunawathi,Fernando,Female,1994-10-10,31,942831088V,0776530835,karunawathi.fernando709@yahoo.com,Western,Kalutara,Bank Officer,99765,2026-02-17
C0243,Shevon,Abeysekera,Male,1965-01-12,61,650129205V,0701594233,shevon.abeysekera579@gmail.com,Central,Matale,Government Officer,74926,2007-01-19
C0244,Chathura,Silva,Male,1993-01-28,33,930289557V,0718765965,chathura.silva61@yahoo.com,Western,Colombo,Accountant,193307,2015-08-07
C0245,Hashan,Gunawardena,Male,1978-12-11,47,783454729V,0767941514,hashan.gunawardena660@yahoo.com,Western,Colombo,Lawyer,207600,2025-05-19
C0246,Yugantha,Pathirana,Male,2002-03-26,24,020859334V,0764928195,yugantha.pathirana684@yahoo.com,Central,Nuwara Eliya,Government Officer,101136,2021-11-29
C0247,Karunawathi,Dissanayake,Female,2005-11-09,20,053138946V,0716849567,karunawathi.dissanayake307@gmail.com,Northern,Kilinochchi,Marketing Executive,91010,2025-11-07
C0248,Praveen,Wijesinghe,Male,1982-12-25,43,823592161V,0779545950,praveen.wijesinghe3@gmail.com,Western,Gampaha,Engineer,194202,2015-11-05
C0249,Lakshan,Wickramasinghe,Male,2004-07-19,21,042011393V,0713647148,lakshan.wickramasinghe753@yahoo.com,Southern,Matara,Sales Executive,63011,2026-03-28
C0250,Aravinda,Bandara,Male,1966-05-23,60,661431401V,0763190436,aravinda.bandara985@outlook.com,Southern,Matara,Government Officer,142615,2008-09-07
C0251,Piumandi,Ekanayake,Female,1961-07-06,65,611878985V,0764357454,piumandi.ekanayake61@gmail.com,North Central,Polonnaruwa,Business Owner,478838,2018-04-19
C0252,Shevon,Fonseka,Male,1993-08-13,32,932255200V,0725599981,shevon.fonseka728@outlook.com,North Central,Anuradhapura,Engineer,189183,2021-07-17
C0253,Aravinda,Herath,Male,1961-11-17,64,613213153V,0703816111,aravinda.herath902@gmail.com,Northern,Kilinochchi,Bank Officer,153916,2015-04-22
C0254,Sachini,Karunaratne,Female,1997-05-26,29,971463576V,0766484507,sachini.karunaratne889@outlook.com,Central,Nuwara Eliya,Bank Officer,131846,2023-05-13
C0255,Eshani,Jayasinghe,Female,2003-04-02,23,030923382V,0747996671,eshani.jayasinghe879@yahoo.com,Central,Kandy,Business Owner,452990,2024-09-17
C0256,Amal,Wijesinghe,Male,1985-10-04,40,852773139V,0721373152,amal.wijesinghe270@outlook.com,Western,Kalutara,Manager,343241,2024-12-20
C0257,Hashan,Fonseka,Male,1982-03-10,44,820699496V,0787349180,hashan.fonseka506@gmail.com,Western,Colombo,Lawyer,296750,2017-04-21
C0258,Yugantha,Fonseka,Male,2001-11-20,24,013243767V,0778807767,yugantha.fonseka957@outlook.com,Central,Nuwara Eliya,Government Officer,83158,2023-08-04
C0259,Chamara,Dissanayake,Male,1988-07-09,38,881912594V,0789885005,chamara.dissanayake165@gmail.com,Sabaragamuwa,Kegalle,Marketing Executive,135408,2011-06-17
C0260,Diniru,Rajapaksha,Male,1998-09-04,27,982478292V,0788397341,diniru.rajapaksha136@outlook.com,Western,Colombo,Software Engineer,191891,2025-08-14
C0261,Yugantha,Silva,Male,1995-12-17,30,953512632V,0748199611,yugantha.silva536@gmail.com,Southern,Galle,Engineer,250166,2024-05-17
C0262,Ishara,Ranasinghe,Female,1966-06-23,60,661741649V,0779378561,ishara.ranasinghe109@outlook.com,Western,Gampaha,Sales Executive,78312,1993-05-14
C0263,Supun,Herath,Male,1983-02-16,43,830475923V,0721928379,supun.herath344@outlook.com,Southern,Galle,Business Owner,335738,2004-02-05
C0264,Hashan,Wijesinghe,Male,1961-09-11,64,612547202V,0781821292,hashan.wijesinghe957@gmail.com,North Western,Puttalam,Nurse,118546,2008-10-14
C0265,Ishara,Perera,Female,1999-08-24,26,992367635V,0786817704,ishara.perera154@outlook.com,North Western,Puttalam,Teacher,72843,2021-02-24
C0266,Chathura,Pathirana,Male,1972-07-23,53,722053477V,0761346280,chathura.pathirana551@yahoo.com,Central,Kandy,Bank Officer,120487,2002-12-07
C0267,Pasindu,Weerasinghe,Male,1965-01-01,61,650013409V,0717172563,pasindu.weerasinghe568@yahoo.com,North Western,Kurunegala,Business Owner,577116,2026-04-28
C0268,Ishara,Karunaratne,Female,1995-01-09,31,950091266V,0716713390,ishara.karunaratne908@outlook.com,North Western,Kurunegala,Marketing Executive,86290,2024-02-17
C0269,Amal,Madushan,Male,1987-11-10,38,873148358V,0725880145,amal.madushan247@gmail.com,North Western,Kurunegala,Sales Executive,89958,2011-03-16
C0270,Dinethma,Senanayake,Female,1990-08-26,35,902387601V,0702930090,dinethma.senanayake732@yahoo.com,Western,Gampaha,Accountant,158424,2010-08-02
C0271,Pasindu,Madushan,Male,1981-04-13,45,811036811V,0727945401,pasindu.madushan225@outlook.com,Sabaragamuwa,Ratnapura,Bank Officer,174342,2018-03-07
C0272,Miyuru,Jayasinghe,Male,1991-04-22,35,911126484V,0766795528,miyuru.jayasinghe227@outlook.com,Western,Gampaha,Bank Officer,156559,2015-02-04
C0273,Amal,Fernando,Male,1986-06-15,40,861661224V,0772859336,amal.fernando429@gmail.com,Western,Colombo,Government Officer,141677,2016-11-28
C0274,Isuru,Dissanayake,Male,2001-11-01,24,013055952V,0748676354,isuru.dissanayake482@yahoo.com,Western,Kalutara,Data Analyst,224995,2020-10-23
C0275,Nimal,Fernando,Male,1961-04-19,65,611099466V,0751758083,nimal.fernando348@outlook.com,Uva,Badulla,Doctor,499793,1983-07-31
C0276,Tharushi,Wijesinghe,Female,1995-04-08,31,950987302V,0772813206,tharushi.wijesinghe434@gmail.com,North Western,Puttalam,Business Owner,330951,2018-04-19
C0277,Yugantha,Weerasinghe,Male,2000-12-11,25,003466303V,0785550267,yugantha.weerasinghe55@gmail.com,North Western,Kurunegala,Software Engineer,274105,2023-05-10
C0278,Sanduni,Pathirana,Female,2008-08-10,17,082234820V,0757407321,sanduni.pathirana91@outlook.com,Western,Colombo,Business Owner,552355,2026-07-13
C0279,Akil,Madushan,Male,1981-11-26,44,813307441V,0702664437,akil.madushan322@gmail.com,Eastern,Ampara,Bank Officer,92265,2022-10-02
C0280,Nadeesha,Abeysekera,Female,1992-07-19,33,922012945V,0707589878,nadeesha.abeysekera167@gmail.com,Central,Kandy,Bank Officer,130184,2025-08-01
C0281,Ishara,Perera,Female,2007-08-08,18,072201125V,0709243062,ishara.perera194@gmail.com,Central,Kandy,Accountant,199581,2026-06-20
C0282,Yashoda,Silva,Female,2006-11-10,19,063146090V,0773192152,yashoda.silva148@gmail.com,Eastern,Ampara,Government Officer,146831,2024-12-02
C0283,Sachini,Weerasinghe,Female,1993-05-10,33,931309728V,0714504797,sachini.weerasinghe641@gmail.com,North Western,Kurunegala,Engineer,244061,2018-01-29
C0284,Nimal,Pathirana,Male,1991-10-03,34,912761128V,0754887652,nimal.pathirana413@outlook.com,Sabaragamuwa,Kegalle,Government Officer,123997,2016-02-07
C0285,Anjan,Silva,Male,2007-02-13,19,070446912V,0764959138,anjan.silva292@outlook.com,Western,Colombo,Software Engineer,325418,2026-04-22
C0286,Kasun,Karunaratne,Male,1964-07-25,61,642076306V,0724503852,kasun.karunaratne890@gmail.com,Western,Gampaha,Government Officer,86831,1990-04-18
C0287,Isuru,Karunaratne,Male,1991-09-22,34,912657381V,0713473086,isuru.karunaratne831@yahoo.com,North Central,Polonnaruwa,Engineer,282429,2022-08-21
C0288,Kavindu,Wickramasinghe,Male,1999-03-18,27,990777564V,0714379682,kavindu.wickramasinghe430@yahoo.com,Sabaragamuwa,Kegalle,Sales Executive,75057,2022-05-04
C0289,Kavindu,Rajapaksha,Male,2007-10-07,18,072802004V,0706696772,kavindu.rajapaksha186@gmail.com,Central,Nuwara Eliya,Bank Officer,106104,2026-05-12
C0290,Praveen,Perera,Male,1962-11-05,63,623093712V,0776976073,praveen.perera530@yahoo.com,Uva,Monaragala,Nurse,107491,1994-02-08
C0291,Praveen,Wijesinghe,Male,1985-09-27,40,852704422V,0705897186,praveen.wijesinghe184@gmail.com,Western,Colombo,Government Officer,142920,2014-01-17
C0292,Diniru,Herath,Male,2004-04-10,22,041013304V,0773273815,diniru.herath375@yahoo.com,Sabaragamuwa,Ratnapura,Engineer,166038,2024-09-14
C0293,Imesha,Abeysekera,Female,2008-12-17,17,083526843V,0709383509,imesha.abeysekera72@gmail.com,Western,Kalutara,Manager,373491,2026-07-13
C0294,Anjan,Fonseka,Male,1962-06-09,64,621606963V,0783193722,anjan.fonseka24@yahoo.com,Central,Matale,Government Officer,91625,1994-09-21
C0295,Tharushi,Senanayake,Female,1998-10-21,27,982941152V,0763185628,tharushi.senanayake883@yahoo.com,North Western,Kurunegala,Teacher,77555,2019-12-12
C0296,Hashan,Fernando,Male,1989-05-04,37,891243501V,0753864210,hashan.fernando925@outlook.com,North Western,Kurunegala,Data Analyst,174427,2025-05-20
C0297,Isuru,Rajapaksha,Male,1989-07-06,37,891878743V,0781587653,isuru.rajapaksha182@yahoo.com,Western,Kalutara,Government Officer,112185,2025-05-19
C0298,Hiruni,Senanayake,Female,1961-10-04,64,612778549V,0785412019,hiruni.senanayake775@yahoo.com,Central,Matale,Bank Officer,139900,2009-03-26
C0299,Tharushi,Wijesinghe,Female,2005-09-02,20,052451132V,0719773626,tharushi.wijesinghe37@gmail.com,North Western,Kurunegala,Bank Officer,173148,2024-02-14
C0300,Anjan,Fonseka,Male,1999-08-11,26,992231069V,0766717459,anjan.fonseka728@gmail.com,Sabaragamuwa,Kegalle,Manager,293011,2024-12-08
C0301,Chamara,Wijesinghe,Male,1998-10-03,27,982764433V,0776414255,chamara.wijesinghe200@outlook.com,Western,Kalutara,Data Analyst,249476,2025-12-21
C0302,Sanduni,Fonseka,Female,1988-11-16,37,883213162V,0765158535,sanduni.fonseka23@yahoo.com,Uva,Badulla,Manager,382730,2026-02-22
C0303,Imesha,Fernando,Female,1980-12-07,45,803427467V,0718172792,imesha.fernando852@outlook.com,Western,Gampaha,Sales Executive,105639,2020-11-17
C0304,Dilani,Herath,Female,1968-12-19,57,683544773V,0724659726,dilani.herath375@outlook.com,North Western,Kurunegala,Government Officer,148166,1993-09-17
C0305,Aravinda,Abeysekera,Male,1973-05-19,53,731398813V,0702587382,aravinda.abeysekera745@yahoo.com,North Western,Puttalam,Data Analyst,270500,2022-03-08
C0306,Kavindu,Silva,Male,1999-04-26,27,991165946V,0789164510,kavindu.silva835@yahoo.com,Western,Colombo,Data Analyst,264501,2024-09-08
C0307,Hiruni,Gunawardena,Female,1974-01-20,52,740201985V,0727743613,hiruni.gunawardena525@yahoo.com,Western,Gampaha,Business Owner,516026,2021-10-27
C0308,Shevon,Fonseka,Male,1968-12-28,57,683637899V,0713903587,shevon.fonseka787@gmail.com,North Central,Polonnaruwa,Bank Officer,146079,2020-01-22
C0309,Roshani,Madushan,Female,1975-09-26,50,752697796V,0709772847,roshani.madushan446@gmail.com,North Central,Polonnaruwa,Lawyer,350226,2019-02-15
C0310,Karlina,Pathirana,Female,1983-09-22,42,832657818V,0767528146,karlina.pathirana71@outlook.com,Eastern,Ampara,Nurse,96932,2024-12-19
C0311,Aravinda,Rajapaksha,Male,1968-02-11,58,680428460V,0744224226,aravinda.rajapaksha102@outlook.com,Western,Gampaha,Business Owner,530894,1996-01-16
C0312,Miyuru,Silva,Male,1997-12-22,28,973569964V,0745982668,miyuru.silva95@yahoo.com,Eastern,Ampara,Manager,279774,2025-01-19
C0313,Chamara,Wijesinghe,Male,2007-11-11,18,073153830V,0765924051,chamara.wijesinghe145@outlook.com,Uva,Monaragala,Data Analyst,278467,2026-03-08
C0314,Piumandi,Karunaratne,Female,2002-08-28,23,022407921V,0778502611,piumandi.karunaratne653@gmail.com,North Western,Kurunegala,Doctor,447226,2024-06-12
C0315,Aravinda,Abeysekera,Male,1978-07-14,47,781951314V,0716583748,aravinda.abeysekera559@yahoo.com,Eastern,Ampara,Manager,185584,2022-02-02
C0316,Yashoda,Perera,Female,1968-11-12,57,683171877V,0748437232,yashoda.perera486@yahoo.com,Central,Kandy,Bank Officer,152129,2006-12-25
C0317,Tharindu,Gunawardena,Male,1983-06-18,43,831698165V,0767180001,tharindu.gunawardena998@gmail.com,North Central,Polonnaruwa,Business Owner,512737,2023-06-16
C0318,Shevon,Fonseka,Male,2008-06-11,18,081638467V,0758480651,shevon.fonseka288@gmail.com,Central,Nuwara Eliya,Sales Executive,74029,2026-07-09
C0319,Nimal,Pathirana,Male,2006-06-14,20,061655221V,0717151511,nimal.pathirana360@gmail.com,Western,Kalutara,Government Officer,125104,2024-09-24
C0320,Imesha,Fonseka,Female,2007-03-23,19,070828470V,0704235823,imesha.fonseka626@gmail.com,Sabaragamuwa,Ratnapura,Bank Officer,136176,2025-12-15
C0321,Hiruni,Madushan,Female,1986-01-18,40,860187903V,0706281653,hiruni.madushan623@yahoo.com,Western,Gampaha,Student,0,2024-12-11
C0322,Karunawathi,Ekanayake,Female,1975-05-23,51,751436355V,0779044923,karunawathi.ekanayake64@outlook.com,Central,Kandy,Marketing Executive,115455,2019-12-23
C0323,Tharushi,Gunawardena,Female,1986-09-23,39,862664592V,0743721658,tharushi.gunawardena699@outlook.com,Eastern,Batticaloa,Government Officer,82896,2025-10-11
C0324,Hiruni,Abeysekera,Female,1967-12-11,58,673455346V,0725557608,hiruni.abeysekera793@outlook.com,North Western,Puttalam,Engineer,216007,1997-09-22
C0325,Ranuji,Dissanayake,Female,1964-08-01,61,642145631V,0706154510,ranuji.dissanayake405@yahoo.com,Western,Colombo,Lawyer,218716,2000-12-19
C0326,Tharindu,Perera,Male,1986-04-04,40,860945809V,0776854425,tharindu.perera882@gmail.com,Uva,Monaragala,Accountant,148518,2024-12-02
C0327,Hashan,Bandara,Male,1980-04-10,46,801016406V,0777720370,hashan.bandara665@yahoo.com,Central,Matale,Doctor,446089,2015-02-04
C0328,Seelawathi,Perera,Female,2000-12-16,25,003516464V,0746539464,seelawathi.perera520@yahoo.com,Eastern,Trincomalee,Bank Officer,90860,2024-05-28
C0329,Praveen,Perera,Male,2008-09-05,17,082496268V,0743883230,praveen.perera993@yahoo.com,Southern,Hambantota,Government Officer,118256,2026-07-13
C0330,Shevon,Ekanayake,Male,2004-01-03,22,040036387V,0785587070,shevon.ekanayake637@outlook.com,Northern,Kilinochchi,Teacher,127802,2023-03-09
C0331,Shevon,Fonseka,Male,1966-09-18,59,662615797V,0727210847,shevon.fonseka730@outlook.com,North Western,Kurunegala,Business Owner,224514,2006-02-17
C0332,Karlina,Jayasinghe,Female,1979-02-16,47,790476540V,0767716650,karlina.jayasinghe708@outlook.com,Eastern,Batticaloa,Teacher,106707,2018-10-30
C0333,Shevon,Herath,Male,1965-10-08,60,652811194V,0775837361,shevon.herath549@outlook.com,Western,Colombo,Doctor,446912,2002-11-23
C0334,Seelawathi,Fonseka,Female,1995-10-12,30,952852996V,0785068392,seelawathi.fonseka236@outlook.com,Western,Gampaha,Sales Executive,64116,2025-03-31
C0335,Tharindu,Jayasinghe,Male,1998-07-07,28,981886888V,0752659820,tharindu.jayasinghe854@gmail.com,Sabaragamuwa,Ratnapura,Nurse,138060,2018-07-08
C0336,Miyuru,Jayasinghe,Male,2003-01-13,23,030136505V,0767554737,miyuru.jayasinghe269@outlook.com,Western,Gampaha,Sales Executive,76236,2021-09-07
C0337,Lakshan,Jayasinghe,Male,1999-05-23,27,991435105V,0726410722,lakshan.jayasinghe939@outlook.com,Central,Matale,Bank Officer,138159,2022-10-09
C0338,Diniru,Dissanayake,Male,1991-03-13,35,910723864V,0788728354,diniru.dissanayake270@outlook.com,Western,Gampaha,Data Analyst,259869,2011-10-25
C0339,Yashoda,Bandara,Female,1963-12-13,62,633479789V,0741112991,yashoda.bandara11@gmail.com,Northern,Kilinochchi,Bank Officer,100605,1998-02-09
C0340,Isuru,Fernando,Male,1997-04-07,29,970971599V,0752284850,isuru.fernando953@outlook.com,Sabaragamuwa,Ratnapura,Data Analyst,278446,2025-11-21
C0341,Pasindu,Herath,Male,1993-03-18,33,930779769V,0716646517,pasindu.herath538@outlook.com,Sabaragamuwa,Ratnapura,Engineer,227064,2013-06-10
C0342,Kasun,Gunawardena,Male,1994-10-25,31,942981985V,0729255931,kasun.gunawardena245@outlook.com,North Western,Puttalam,Government Officer,126225,2022-07-01
C0343,Kasun,Ekanayake,Male,1994-06-18,32,941695854V,0789084832,kasun.ekanayake236@gmail.com,North Western,Kurunegala,Bank Officer,113762,2021-02-14
C0344,Diniru,Ekanayake,Male,1994-10-13,31,942863834V,0754125040,diniru.ekanayake522@gmail.com,Western,Colombo,Government Officer,116262,2026-06-20
C0345,Miyuru,Bandara,Male,2004-04-21,22,041124098V,0763811629,miyuru.bandara311@gmail.com,North Central,Polonnaruwa,Sales Executive,99045,2024-10-01
C0346,Nimal,Wijesinghe,Male,1970-01-10,56,700109714V,0778838505,nimal.wijesinghe683@outlook.com,Central,Matale,Manager,257739,2004-03-20
C0347,Tharindu,Perera,Male,1988-11-12,37,883177499V,0716552053,tharindu.perera758@yahoo.com,Central,Nuwara Eliya,Accountant,194487,2026-01-26
C0348,Karlina,Weerasinghe,Female,1963-08-19,62,632313929V,0717120481,karlina.weerasinghe139@gmail.com,Southern,Hambantota,Bank Officer,177567,1993-03-21
C0349,Roshani,Abeysekera,Female,1961-04-19,65,611097264V,0723308273,roshani.abeysekera802@outlook.com,Western,Gampaha,Marketing Executive,93794,1999-02-07
C0350,Pasindu,Fonseka,Male,2002-04-22,24,021121137V,0762992160,pasindu.fonseka469@outlook.com,North Central,Polonnaruwa,Manager,398555,2022-05-07
C0351,Karunawathi,Wickramasinghe,Female,1995-08-28,30,952407736V,0752694730,karunawathi.wickramasinghe381@yahoo.com,Western,Gampaha,Teacher,126154,2025-02-18
C0352,Tharushi,Abeysekera,Female,1988-04-01,38,880929510V,0753249776,tharushi.abeysekera479@gmail.com,Central,Nuwara Eliya,Manager,393102,2022-06-22
C0353,Taniya,Fonseka,Female,1961-09-20,64,612637408V,0722695545,taniya.fonseka571@outlook.com,Southern,Galle,Software Engineer,321947,2021-12-30
C0354,Tharindu,Madushan,Male,1970-04-12,56,701025247V,0704686946,tharindu.madushan371@yahoo.com,Western,Kalutara,Doctor,449480,2014-11-07
C0355,Taniya,Dissanayake,Female,1991-08-15,34,912271104V,0744978583,taniya.dissanayake634@outlook.com,Northern,Kilinochchi,Data Analyst,211165,2020-09-17
C0356,Sachini,Perera,Female,1985-09-20,40,852637800V,0705180550,sachini.perera807@outlook.com,Northern,Kilinochchi,Government Officer,79127,2013-04-11
C0357,Aravinda,Wijesinghe,Male,1970-12-26,55,703602923V,0705109172,aravinda.wijesinghe70@outlook.com,Western,Gampaha,Sales Executive,119410,2020-05-13
C0358,Anjan,Gunawardena,Male,2004-01-28,22,040281230V,0721358022,anjan.gunawardena69@gmail.com,Central,Kandy,Nurse,103901,2022-06-04
C0359,Praveen,Herath,Male,1994-05-27,32,941477199V,0765841886,praveen.herath644@yahoo.com,North Western,Kurunegala,Engineer,277943,2023-05-23
C0360,Chamara,Ranasinghe,Male,2002-10-03,23,022765461V,0702742724,chamara.ranasinghe540@outlook.com,Western,Kalutara,Teacher,102616,2026-03-02
C0361,Supun,Fernando,Male,2005-10-03,20,052766725V,0772215992,supun.fernando596@outlook.com,Southern,Hambantota,Accountant,129149,2026-03-23
C0362,Kasun,Ekanayake,Male,1961-06-20,65,611718622V,0724700229,kasun.ekanayake772@gmail.com,Western,Gampaha,Government Officer,90724,1996-09-15
C0363,Tharushi,Perera,Female,1992-07-27,33,922097227V,0704691369,tharushi.perera716@gmail.com,Eastern,Ampara,Marketing Executive,105760,2019-08-29
C0364,Vihangi,Silva,Female,1992-10-20,33,922944059V,0768110191,vihangi.silva5@gmail.com,Western,Gampaha,Bank Officer,101455,2013-06-12
C0365,Ramudi,Herath,Female,1992-02-13,34,920449589V,0751194699,ramudi.herath556@gmail.com,Western,Kalutara,Engineer,177426,2011-05-04
C0366,Diniru,Gunawardena,Male,1972-05-01,54,721223184V,0709939770,diniru.gunawardena775@gmail.com,North Central,Anuradhapura,Engineer,232571,2022-05-30
C0367,Karunawathi,Perera,Female,2003-12-13,22,033475851V,0781510956,karunawathi.perera576@gmail.com,Western,Kalutara,Government Officer,122952,2026-06-05
C0368,Ramudi,Ranasinghe,Female,2006-05-06,20,061265865V,0767039037,ramudi.ranasinghe480@outlook.com,Western,Kalutara,Engineer,182926,2025-02-27
C0369,Anjan,Abeysekera,Male,1966-09-03,59,662461381V,0772811822,anjan.abeysekera905@yahoo.com,Western,Kalutara,Teacher,98479,2006-01-31
C0370,Karlina,Jayasinghe,Female,1993-01-14,33,930147779V,0769475043,karlina.jayasinghe253@yahoo.com,Western,Colombo,Teacher,74826,2011-06-22
C0371,Diniru,Ekanayake,Male,2005-11-14,20,053185562V,0775598002,diniru.ekanayake810@gmail.com,Western,Kalutara,Sales Executive,116362,2025-01-06
C0372,Sachini,Fonseka,Female,1998-08-27,27,982397271V,0771099598,sachini.fonseka343@gmail.com,Western,Gampaha,Manager,217861,2024-05-15
C0373,Praveen,Rajapaksha,Male,1976-08-22,49,762352939V,0775133899,praveen.rajapaksha511@yahoo.com,Western,Gampaha,Sales Executive,86688,2019-09-12
C0374,Amal,Madushan,Male,1986-05-17,40,861377880V,0715556116,amal.madushan831@yahoo.com,Northern,Jaffna,Nurse,122815,2025-02-16
C0375,Amal,Ekanayake,Male,2004-02-05,22,040363167V,0709449044,amal.ekanayake118@yahoo.com,North Western,Puttalam,Marketing Executive,147154,2023-02-12
C0376,Dinethma,Ekanayake,Female,2007-07-05,19,071869167V,0704996082,dinethma.ekanayake666@outlook.com,Western,Kalutara,Business Owner,491108,2026-07-12
C0377,Nimal,Perera,Male,1985-11-15,40,853193806V,0717093362,nimal.perera419@yahoo.com,Central,Matale,Lawyer,448789,2017-12-16
C0378,Diniru,Perera,Male,1988-06-15,38,881675463V,0728020118,diniru.perera151@yahoo.com,Western,Kalutara,Sales Executive,92127,2008-10-25
C0379,Akil,Wijesinghe,Male,2002-05-10,24,021308573V,0757763885,akil.wijesinghe212@outlook.com,Western,Colombo,Nurse,105467,2022-02-21
C0380,Seelawathi,Pathirana,Female,1989-06-02,37,891533298V,0725972189,seelawathi.pathirana280@yahoo.com,Sabaragamuwa,Ratnapura,Nurse,130107,2009-04-30
C0381,Ishara,Ranasinghe,Female,1991-10-23,34,912968611V,0769807779,ishara.ranasinghe74@yahoo.com,Northern,Kilinochchi,Nurse,137958,2021-03-23
C0382,Shevon,Karunaratne,Male,1997-08-08,28,972208776V,0723261338,shevon.karunaratne89@gmail.com,Sabaragamuwa,Kegalle,Government Officer,114770,2019-06-05
C0383,Lakshan,Gunawardena,Male,1998-09-25,27,982684919V,0705216797,lakshan.gunawardena33@gmail.com,Northern,Vavuniya,Bank Officer,171170,2023-12-11
C0384,Aravinda,Fernando,Male,1995-09-07,30,952509519V,0703535282,aravinda.fernando13@yahoo.com,Western,Gampaha,Government Officer,104024,2019-09-02
C0385,Sachini,Pathirana,Female,2001-02-25,25,010561838V,0714008097,sachini.pathirana373@yahoo.com,Western,Gampaha,Engineer,241777,2020-02-03
C0386,Diniru,Bandara,Male,1987-12-24,38,873589581V,0766587116,diniru.bandara715@outlook.com,Western,Kalutara,Data Analyst,188881,2019-02-18
C0387,Piumandi,Rajapaksha,Female,1987-06-16,39,871677006V,0713693592,piumandi.rajapaksha484@outlook.com,North Western,Puttalam,Bank Officer,167724,2024-03-16
C0388,Ramudi,Ranasinghe,Female,1968-01-04,58,680041529V,0766384870,ramudi.ranasinghe472@outlook.com,Western,Colombo,Sales Executive,70895,2017-04-19
C0389,Dilani,Rajapaksha,Female,1989-05-05,37,891252713V,0771327665,dilani.rajapaksha671@gmail.com,North Western,Puttalam,Marketing Executive,140150,2016-04-16
C0390,Ramudi,Karunaratne,Female,2002-07-08,24,021891918V,0756338784,ramudi.karunaratne446@outlook.com,North Western,Puttalam,Government Officer,134224,2024-06-06
C0391,Ramudi,Bandara,Female,2003-08-08,22,032206992V,0773858294,ramudi.bandara206@outlook.com,North Western,Kurunegala,Business Owner,263627,2021-11-11
C0392,Supun,Jayasinghe,Male,2007-01-04,19,070048003V,0703282215,supun.jayasinghe676@gmail.com,Southern,Galle,Engineer,232200,2025-09-21
C0393,Hashan,Dissanayake,Male,1965-04-28,61,651189421V,0753761370,hashan.dissanayake339@yahoo.com,Western,Colombo,Bank Officer,151402,1999-04-23
C0394,Supun,Senanayake,Male,1990-11-08,35,903127481V,0763691666,supun.senanayake539@outlook.com,Central,Kandy,Software Engineer,246607,2011-09-04
C0395,Yugantha,Weerasinghe,Male,1998-04-06,28,980964047V,0744910212,yugantha.weerasinghe300@outlook.com,Sabaragamuwa,Ratnapura,Student,0,2025-06-18
C0396,Akil,Rajapaksha,Male,1994-08-02,31,942143073V,0777003924,akil.rajapaksha286@gmail.com,Western,Gampaha,Student,0,2018-01-17
C0397,Seelawathi,Rajapaksha,Female,2008-06-15,18,081677623V,0756740059,seelawathi.rajapaksha484@yahoo.com,Central,Nuwara Eliya,Sales Executive,93495,2026-07-05
C0398,Karunawathi,Wickramasinghe,Female,2002-01-17,24,020172585V,0716525746,karunawathi.wickramasinghe276@gmail.com,North Western,Puttalam,Accountant,199927,2020-07-15
C0399,Kavindu,Jayasinghe,Male,1968-01-09,58,680096106V,0748007480,kavindu.jayasinghe908@gmail.com,Western,Colombo,Teacher,106447,2019-04-10
C0400,Sachini,Wijesinghe,Female,1961-08-24,64,612362108V,0768809590,sachini.wijesinghe466@outlook.com,North Western,Kurunegala,Engineer,231111,1988-09-27
C0401,Anjan,Senanayake,Male,1967-04-13,59,671031032V,0703256656,anjan.senanayake624@yahoo.com,North Western,Kurunegala,Doctor,313871,2022-06-07
C0402,Diniru,Karunaratne,Male,2000-11-13,25,003181295V,0704545888,diniru.karunaratne968@yahoo.com,Eastern,Batticaloa,Student,0,2024-10-30
C0403,Miyuru,Weerasinghe,Male,1986-02-02,40,860332421V,0788409062,miyuru.weerasinghe843@outlook.com,Eastern,Batticaloa,Teacher,101653,2025-04-13
C0404,Yashoda,Silva,Female,2001-01-05,25,010058118V,0782440004,yashoda.silva104@outlook.com,Western,Colombo,Doctor,256096,2024-03-20
C0405,Vihangi,Ranasinghe,Female,1982-10-13,43,822861987V,0757238802,vihangi.ranasinghe531@outlook.com,Uva,Badulla,Teacher,93364,2005-10-31
C0406,Kasun,Wijesinghe,Male,1999-04-10,27,991009938V,0787858133,kasun.wijesinghe931@outlook.com,Eastern,Ampara,Sales Executive,94938,2022-12-30
C0407,Shevon,Fernando,Male,1963-05-25,63,631452064V,0719116383,shevon.fernando386@outlook.com,Western,Colombo,Bank Officer,161219,2012-11-11
C0408,Diniru,Ranasinghe,Male,1973-02-12,53,730432604V,0702552154,diniru.ranasinghe780@outlook.com,Western,Kalutara,Software Engineer,220118,2014-12-03
C0409,Supun,Dissanayake,Male,1986-10-10,39,862835531V,0704348502,supun.dissanayake540@gmail.com,Central,Matale,Bank Officer,150338,2007-01-18
C0410,Anjan,Madushan,Male,1987-06-22,39,871732881V,0777706576,anjan.madushan767@gmail.com,Central,Kandy,Nurse,83712,2008-10-20
C0411,Diniru,Karunaratne,Male,1961-12-27,64,613618264V,0774527799,diniru.karunaratne196@gmail.com,North Western,Kurunegala,Sales Executive,92205,2006-11-26
C0412,Praveen,Abeysekera,Male,1970-04-19,56,701091284V,0771741524,praveen.abeysekera224@gmail.com,Sabaragamuwa,Kegalle,Marketing Executive,127943,2015-01-19
C0413,Karlina,Silva,Female,1977-09-27,48,772708168V,0725126698,karlina.silva273@outlook.com,Western,Colombo,Sales Executive,95102,2003-05-17
C0414,Roshani,Perera,Female,1993-09-10,32,932531155V,0718680382,roshani.perera929@yahoo.com,Western,Colombo,Government Officer,130189,2023-12-02
C0415,Tharindu,Karunaratne,Male,1992-07-08,34,921906226V,0782236403,tharindu.karunaratne392@gmail.com,North Western,Puttalam,Bank Officer,99951,2012-07-07
C0416,Nimal,Bandara,Male,1970-12-26,55,703606192V,0753473279,nimal.bandara774@gmail.com,Sabaragamuwa,Ratnapura,Manager,346912,1997-12-11
C0417,Eshani,Dissanayake,Female,1997-10-28,28,973011577V,0709112217,eshani.dissanayake65@yahoo.com,Southern,Hambantota,Business Owner,327871,2023-11-20
C0418,Shevon,Rajapaksha,Male,1998-05-17,28,981371771V,0769311248,shevon.rajapaksha561@outlook.com,Eastern,Ampara,Manager,299510,2018-10-24
C0419,Shevon,Abeysekera,Male,2007-12-19,18,073538547V,0728968085,shevon.abeysekera184@gmail.com,Eastern,Trincomalee,Business Owner,454697,2026-02-17
C0420,Amal,Ranasinghe,Male,1986-06-27,40,861781962V,0722514066,amal.ranasinghe755@outlook.com,Central,Matale,Software Engineer,197831,2026-06-04
C0421,Diniru,Pathirana,Male,1991-11-20,34,913244338V,0772570399,diniru.pathirana481@outlook.com,Southern,Hambantota,Data Analyst,274605,2020-04-20
C0422,Chathura,Gunawardena,Male,1991-10-21,34,912947486V,0768716815,chathura.gunawardena288@outlook.com,North Central,Polonnaruwa,Business Owner,400736,2016-06-12
C0423,Tharushi,Fonseka,Female,1962-11-18,63,623225934V,0759263774,tharushi.fonseka983@yahoo.com,Southern,Galle,Accountant,176376,1991-09-08
C0424,Taniya,Fonseka,Female,2005-06-13,21,051642175V,0721850819,taniya.fonseka250@yahoo.com,Eastern,Trincomalee,Government Officer,100272,2023-10-18
C0425,Isuru,Herath,Male,1984-07-19,41,842014098V,0718890118,isuru.herath592@yahoo.com,Western,Colombo,Government Officer,79516,2017-06-09
C0426,Diniru,Fernando,Male,1979-05-16,47,791367488V,0702049927,diniru.fernando785@gmail.com,Western,Colombo,Sales Executive,102367,2020-10-24
C0427,Tharushi,Dissanayake,Female,2000-12-04,25,003397150V,0741321875,tharushi.dissanayake608@gmail.com,Western,Colombo,Accountant,178213,2022-08-28
C0428,Dinethma,Wickramasinghe,Female,1995-07-26,30,952073009V,0787734714,dinethma.wickramasinghe369@yahoo.com,Western,Kalutara,Engineer,211925,2021-11-25
C0429,Hashan,Madushan,Male,1985-01-18,41,850187135V,0706694241,hashan.madushan938@yahoo.com,Western,Colombo,Nurse,113940,2005-05-18
C0430,Yashoda,Ranasinghe,Female,1995-08-02,30,952144770V,0716064560,yashoda.ranasinghe157@gmail.com,Central,Matale,Accountant,176128,2013-10-20
C0431,Hiruni,Jayasinghe,Female,1992-07-26,33,922087462V,0708886411,hiruni.jayasinghe947@outlook.com,Southern,Galle,Bank Officer,159113,2012-11-26
C0432,Seelawathi,Silva,Female,1961-12-05,64,613398603V,0714767440,seelawathi.silva403@yahoo.com,Southern,Galle,Lawyer,309515,1991-03-10
C0433,Ramudi,Weerasinghe,Female,2007-08-24,18,072361841V,0705836058,ramudi.weerasinghe479@gmail.com,North Central,Polonnaruwa,Engineer,161907,2026-01-09
C0434,Hashan,Pathirana,Male,1987-10-18,38,872914671V,0761540355,hashan.pathirana611@outlook.com,Southern,Hambantota,Data Analyst,170752,2018-08-24
C0435,Isuru,Wickramasinghe,Male,1971-07-15,54,711966733V,0723244438,isuru.wickramasinghe250@outlook.com,Western,Colombo,Manager,308754,2009-10-29
C0436,Isuru,Fonseka,Male,1994-04-13,32,941037123V,0772830310,isuru.fonseka580@yahoo.com,Central,Matale,Sales Executive,110385,2014-03-02
C0437,Yugantha,Karunaratne,Male,1994-10-03,31,942762599V,0722044007,yugantha.karunaratne908@gmail.com,Western,Colombo,Manager,352675,2019-11-12
C0438,Diniru,Bandara,Male,1999-10-08,26,992819334V,0715733644,diniru.bandara94@outlook.com,Western,Kalutara,Manager,346714,2018-11-05
C0439,Ramudi,Dissanayake,Female,2000-09-27,25,002718104V,0705333443,ramudi.dissanayake11@gmail.com,North Western,Puttalam,Software Engineer,317244,2021-03-16
C0440,Supun,Abeysekera,Male,1977-04-26,49,771163538V,0746169380,supun.abeysekera577@gmail.com,Southern,Galle,Accountant,193080,2011-09-14
C0441,Dilani,Herath,Female,2008-04-02,18,080931029V,0754377927,dilani.herath912@outlook.com,Uva,Badulla,Business Owner,321190,2026-04-29
C0442,Imesha,Karunaratne,Female,2001-01-22,25,010222626V,0755264869,imesha.karunaratne900@yahoo.com,Eastern,Trincomalee,Data Analyst,185439,2019-07-25
C0443,Yugantha,Ranasinghe,Male,1980-04-21,46,801126359V,0726744062,yugantha.ranasinghe529@gmail.com,Southern,Galle,Accountant,125280,2017-05-05
C0444,Anjan,Madushan,Male,1993-12-15,32,933492161V,0712892474,anjan.madushan673@outlook.com,Central,Matale,Bank Officer,170153,2019-11-01
C0445,Hiruni,Jayasinghe,Female,1994-05-19,32,941391060V,0783828499,hiruni.jayasinghe651@yahoo.com,Northern,Kilinochchi,Engineer,189343,2016-02-17
C0446,Kavindu,Rajapaksha,Male,1980-12-05,45,803409410V,0724432637,kavindu.rajapaksha367@gmail.com,Western,Kalutara,Lawyer,302462,2004-04-23
C0447,Seelawathi,Gunawardena,Female,1978-05-23,48,781435190V,0766767749,seelawathi.gunawardena892@outlook.com,Central,Matale,Engineer,185632,1998-12-31
C0448,Piumandi,Bandara,Female,2005-11-08,20,053123846V,0715484113,piumandi.bandara272@yahoo.com,Central,Kandy,Manager,227672,2026-03-24
C0449,Supun,Dissanayake,Male,1995-06-23,31,951749947V,0722660165,supun.dissanayake449@yahoo.com,Western,Kalutara,Engineer,162511,2023-03-09
C0450,Hashan,Abeysekera,Male,1972-02-07,54,720389171V,0767547482,hashan.abeysekera681@outlook.com,North Western,Kurunegala,Doctor,363112,2009-12-27
C0451,Akil,Bandara,Male,2007-05-25,19,071457231V,0781831804,akil.bandara392@outlook.com,Central,Nuwara Eliya,Engineer,173378,2026-06-06
C0452,Ranuji,Weerasinghe,Female,1976-09-21,49,762651240V,0789181676,ranuji.weerasinghe347@outlook.com,North Western,Kurunegala,Bank Officer,162778,2023-05-22
C0453,Hashan,Perera,Male,1971-04-17,55,711072843V,0761564440,hashan.perera336@outlook.com,North Western,Kurunegala,Manager,227704,2014-12-15
C0454,Dilani,Ekanayake,Female,1983-11-23,42,833271983V,0789223313,dilani.ekanayake247@gmail.com,Western,Colombo,Business Owner,208092,2022-08-30
C0455,Praveen,Gunawardena,Male,1991-11-07,34,913118253V,0746553763,praveen.gunawardena909@outlook.com,Western,Gampaha,Teacher,105031,2022-02-20
C0456,Diniru,Perera,Male,1996-01-07,30,960076511V,0708654598,diniru.perera895@outlook.com,Western,Gampaha,Bank Officer,124958,2026-03-06
C0457,Hashan,Fonseka,Male,2007-07-03,19,071845301V,0781505796,hashan.fonseka984@yahoo.com,Western,Colombo,Teacher,101826,2026-06-20
C0458,Hiruni,Senanayake,Female,2004-12-10,21,043455070V,0729994999,hiruni.senanayake346@gmail.com,Western,Gampaha,Doctor,408912,2023-07-05
C0459,Chamara,Wijesinghe,Male,2003-05-22,23,031429582V,0789424498,chamara.wijesinghe394@outlook.com,Eastern,Ampara,Government Officer,81704,2024-12-25
C0460,Sanduni,Silva,Female,2004-03-05,22,040653027V,0719370024,sanduni.silva299@gmail.com,Western,Colombo,Teacher,104432,2024-09-15
C0461,Supun,Fonseka,Male,1966-03-11,60,660701060V,0769186823,supun.fonseka70@yahoo.com,Northern,Jaffna,Business Owner,171369,1995-10-31
C0462,Miyuru,Weerasinghe,Male,2000-10-14,25,002884055V,0774774367,miyuru.weerasinghe366@gmail.com,North Western,Puttalam,Lawyer,281595,2019-10-25
C0463,Kavindu,Gunawardena,Male,1972-05-08,54,721295681V,0708046319,kavindu.gunawardena977@gmail.com,North Central,Anuradhapura,Teacher,102372,2000-01-19
C0464,Kavindu,Abeysekera,Male,1999-10-01,26,992749563V,0728287517,kavindu.abeysekera554@gmail.com,Eastern,Batticaloa,Bank Officer,159176,2023-12-19
C0465,Karunawathi,Wickramasinghe,Female,1993-01-16,33,930166554V,0782359771,karunawathi.wickramasinghe833@yahoo.com,Eastern,Batticaloa,Manager,278477,2011-05-26
C0466,Isuru,Abeysekera,Male,1990-07-27,35,902085680V,0752572638,isuru.abeysekera933@outlook.com,Central,Kandy,Teacher,101809,2020-02-27
C0467,Sachini,Silva,Female,1967-01-27,59,670273369V,0717244885,sachini.silva615@gmail.com,North Western,Kurunegala,Teacher,112933,2017-09-30
C0468,Shevon,Perera,Male,1986-10-03,39,862761306V,0718865693,shevon.perera178@outlook.com,Western,Kalutara,Accountant,166503,2023-07-28
C0469,Kavindu,Weerasinghe,Male,1997-12-12,28,973464580V,0761123471,kavindu.weerasinghe507@gmail.com,Western,Gampaha,Business Owner,268238,2025-10-16
C0470,Isuru,Gunawardena,Male,1974-11-19,51,743238521V,0762958901,isuru.gunawardena37@outlook.com,Southern,Matara,Manager,331559,2011-01-22
C0471,Hashan,Weerasinghe,Male,1999-03-23,27,990829229V,0711147623,hashan.weerasinghe302@yahoo.com,Eastern,Ampara,Sales Executive,67021,2020-10-13
C0472,Pasindu,Senanayake,Male,2005-05-27,21,051472735V,0785124316,pasindu.senanayake143@outlook.com,Western,Kalutara,Manager,251026,2023-08-02
C0473,Karunawathi,Perera,Female,2005-03-09,21,050683237V,0704681242,karunawathi.perera416@gmail.com,Western,Kalutara,Software Engineer,221457,2025-12-11
C0474,Amal,Pathirana,Male,1979-08-22,46,792344374V,0747170889,amal.pathirana814@yahoo.com,North Central,Anuradhapura,Business Owner,204664,2005-03-10
C0475,Yashoda,Dissanayake,Female,2008-09-07,17,082513338V,0714789056,yashoda.dissanayake428@yahoo.com,Western,Gampaha,Government Officer,91499,2026-07-13
C0476,Kasun,Fonseka,Male,1976-12-21,49,763565182V,0721541124,kasun.fonseka573@outlook.com,Southern,Hambantota,Student,0,2001-10-09
C0477,Karunawathi,Ranasinghe,Female,1988-02-24,38,880559336V,0712239677,karunawathi.ranasinghe603@yahoo.com,Western,Colombo,Teacher,101256,2020-09-10
C0478,Karlina,Pathirana,Female,2005-02-05,21,050364634V,0772782025,karlina.pathirana830@outlook.com,Uva,Monaragala,Sales Executive,110368,2026-03-28
C0479,Tharindu,Herath,Male,2001-06-03,25,011543573V,0774354093,tharindu.herath395@yahoo.com,Western,Kalutara,Doctor,258069,2019-06-24
C0480,Aravinda,Bandara,Male,1999-10-17,26,992901899V,0744890699,aravinda.bandara169@outlook.com,North Western,Puttalam,Engineer,250537,2021-08-07
C0481,Ramudi,Dissanayake,Female,1962-02-07,64,620381162V,0711937196,ramudi.dissanayake484@yahoo.com,Southern,Matara,Teacher,100435,2025-05-13
C0482,Dilani,Wickramasinghe,Female,2000-07-19,25,002019427V,0782658619,dilani.wickramasinghe807@outlook.com,North Central,Polonnaruwa,Teacher,95789,2024-11-19
C0483,Isuru,Karunaratne,Male,1974-09-09,51,742526861V,0725585364,isuru.karunaratne730@gmail.com,Eastern,Batticaloa,Teacher,65808,2026-06-02
C0484,Lakshan,Pathirana,Male,2003-12-07,22,033414736V,0725898945,lakshan.pathirana287@yahoo.com,Western,Kalutara,Student,0,2023-08-15
C0485,Pasindu,Pathirana,Male,1968-03-06,58,680668897V,0715186808,pasindu.pathirana174@gmail.com,North Western,Kurunegala,Marketing Executive,125119,2009-09-20
C0486,Dilani,Fonseka,Female,1968-03-18,58,680782318V,0714888548,dilani.fonseka271@gmail.com,Eastern,Batticaloa,Government Officer,109202,2004-11-21
C0487,Ranuji,Ekanayake,Female,1984-12-04,41,843392686V,0717419070,ranuji.ekanayake576@gmail.com,North Western,Kurunegala,Business Owner,390544,2006-09-04
C0488,Nadeesha,Pathirana,Female,2004-04-04,22,040953713V,0774652134,nadeesha.pathirana875@gmail.com,Uva,Badulla,Data Analyst,220644,2024-11-13
C0489,Amal,Karunaratne,Male,1994-07-21,31,942023580V,0729687638,amal.karunaratne886@yahoo.com,Western,Kalutara,Engineer,231964,2021-08-15
C0490,Yugantha,Perera,Male,1963-03-20,63,630793850V,0767623891,yugantha.perera184@yahoo.com,North Western,Puttalam,Lawyer,311477,2005-09-17
C0491,Chathura,Dissanayake,Male,1987-01-13,39,870137821V,0766513710,chathura.dissanayake211@yahoo.com,Central,Kandy,Engineer,198690,2009-08-08
C0492,Chathura,Bandara,Male,1993-04-21,33,931118604V,0779605652,chathura.bandara368@outlook.com,North Western,Puttalam,Student,0,2014-07-09
C0493,Amal,Silva,Male,1981-04-01,45,810913407V,0743136261,amal.silva180@gmail.com,North Western,Puttalam,Nurse,135670,1999-12-06
C0494,Miyuru,Karunaratne,Male,1965-11-06,60,653103730V,0716325416,miyuru.karunaratne582@yahoo.com,Western,Kalutara,Accountant,174250,2019-03-07
C0495,Ishara,Rajapaksha,Female,1967-12-24,58,673581997V,0709750621,ishara.rajapaksha273@gmail.com,Central,Kandy,Accountant,133409,2023-06-30
C0496,Imesha,Rajapaksha,Female,2000-04-22,26,001133905V,0781061820,imesha.rajapaksha198@outlook.com,Western,Gampaha,Nurse,116311,2020-03-15
C0497,Eshani,Karunaratne,Female,1986-01-28,40,860289056V,0784235936,eshani.karunaratne704@yahoo.com,Eastern,Batticaloa,Government Officer,141779,2009-02-20
C0498,Lakshan,Herath,Male,1969-09-10,56,692536577V,0764705648,lakshan.herath559@outlook.com,Western,Gampaha,Teacher,99137,2001-06-12
C0499,Piumandi,Fonseka,Female,1976-09-19,49,762633540V,0743344914,piumandi.fonseka441@gmail.com,Eastern,Ampara,Government Officer,144088,2020-04-21
C0500,Hashan,Fonseka,Male,1997-01-23,29,970239256V,0718182470,hashan.fonseka482@yahoo.com,Northern,Kilinochchi,Sales Executive,93903,2020-08-25
